development-plan,name,development-plan-type,organisations,geographies,notes,description,end-date,entry-date,start-date
7ab3c965-3d06-49c9-a4b5-4985f0c4b22f,Amended Local Plan,local-plan,local-authority-eng:BAN,statistical-geography:E07000084,,,,,2016-05-26
4221883b-e5f5-469f-95af-93eed23da83b,Bedford DPD: Core Strategy and Rural Issues Plan,local-plan,local-authority-eng:BDF,statistical-geography:E06000055,,,,,2008-04-16
3c3c274f-d3e5-4517-a075-8868aaa8af42,Bedford Borough Local Plan 2030,local-plan,local-authority-eng:BDF,statistical-geography:E06000055,"Bedford are committed to an early review of Local Plan 2030 - no later than one year after adoption - Ch1, para 1.6 (see new policy in MM1)",,,,2020-01-15
62a44b10-cdc6-4f7f-ba96-c60decf184ff,Core Strategy,local-plan,local-authority-eng:BPL,statistical-geography:E06000009,,,,,2016-01-20
23147f33-a203-4148-b639-53bfb88017be,Copeland Local Plan 2013-2028,local-plan,local-authority-eng:COP,statistical-geography:E07000029,"Plan also makes allowance for ""market uplift"" additional 70 dwelling per annum between 2018/19 and 2022/23",,,,2013-12-05
54b326fd-24ae-470f-94a9-ae62061da26e,Christchurch Local Plan Review,local-plan,local-authority-eng:CHC,statistical-geography:E07000048,,,,,
8b48f728-8835-4b44-8f1a-d41101baeda1,Christchurch and East Dorset Local Plan Part 1 - Core Strategy,local-plan,local-authority-eng:CHC;local-authority-eng:EDO,statistical-geography:E07000048;statistical-geography:E07000049,,,,,2014-04-28
602147fb-c091-4eee-b8a4-c19f09ca1509,Bromsgrove District Plan,local-plan,local-authority-eng:BRM,statistical-geography:E07000234,"Includes unmet need of 3,400 from Redditch.",,,,2017-01-25
48647056-2c80-4d6f-a403-ace690639a61,Barnet's Local Plan (Core Strategy),local-plan,local-authority-eng:BNE,statistical-geography:E09000003,,,,,2012-09-11
a7e15312-9fd9-4ca0-9fff-56348e710f6b,Dartford Core Strategy,local-plan,local-authority-eng:DAR,statistical-geography:E07000107,,,,,2011-09-26
a1cfa4ac-822b-4727-a5fd-0c55909a15bb,Camden Local Plan 2017,local-plan,local-authority-eng:CMD,statistical-geography:E09000007,"1,120 new homes per annum.",,,,2017-07-03
09a82662-75f1-485d-af89-5f035cdd6126,Amber Valley Borough Local Plan  - Plan withdrawn 24 May 2019,local-plan,local-authority-eng:AMB,statistical-geography:E07000032,"Includes 2,375 unmet need from Derby
NB. Plan withdrawn 24 May 2019",,,,
ff7a8a59-3da4-4d24-a2ec-0a1b75d108bb,Cornwall Local Plan: Strategic Policies 2010-2030,local-plan,local-authority-eng:CON,statistical-geography:E06000052,,,,,2016-11-22
3fd7dd48-a240-42ed-b9ed-411731039393,Canterbury District Local Plan,local-plan,local-authority-eng:CAT,statistical-geography:E07000106,,,,,2017-07-13
74564582-cddd-45f4-b09c-35e08902cf91,Calderdale Local Plan,local-plan,local-authority-eng:CLD,statistical-geography:E08000033,,,,,
5538be07-3fac-4f4c-89d4-376868e6fdc1,Allerdale Local Plan (Part 1),local-plan,local-authority-eng:ALL,statistical-geography:E07000026,,,,,2014-07-16
91ac26b7-d253-4569-9a70-92763649a92a,Strategic Policies Partial Review,local-plan,local-authority-eng:CRY,statistical-geography:E09000008,,,,,2018-02-27
a72eca2f-24ac-4362-b612-43ebcf7479de,"Joint Core Strategy for Broadland, Norwich and South Norfolk",local-plan,local-authority-eng:BRO;local-authority-eng:NOW;local-authority-eng:SNO,statistical-geography:E07000144;statistical-geography:E07000148;statistical-geography:E07000149,"Allocations distributed as follows: Norwich - 8,592; South Norfolk - 15,524; Broadland - 12,704.",,,,2014-01-10
b428be92-9a52-48d4-9bd5-6c99a3f63c79,Greater Norwich Local Plan,local-plan,local-authority-eng:BRO;local-authority-eng:NOW;local-authority-eng:SNO,statistical-geography:E07000144;statistical-geography:E07000148;statistical-geography:E07000149,"Policy 1 provides for around 44,500 new homes, with a 9%
buffer to ensure delivery. 

Reg 18 consultation: Draft Plan January 2020.",,,,
8f4eecb8-0d98-4af4-b5b5-0ffc9451a190,Core Strategy for Chiltern District,local-plan,local-authority-eng:CHN,statistical-geography:E07000005,,,,,2011-11-15
e44f3ac6-d9bd-4f26-a318-3f187eea80d3,Chiltern and South Bucks Local Plan,local-plan,local-authority-eng:CHN;local-authority-eng:SBU,statistical-geography:E07000005;statistical-geography:E07000006,"Excludes 4,161 unmet need to be met through Aylesbury Vale Local Plan.",,,,
d00b83a7-aabe-4bbd-866c-ef2cc11d59a3,Planning for the future of Barking and Dagenham: Core Strategy,local-plan,local-authority-eng:BDG,statistical-geography:E09000002,,,,,2010-07-21
3bda3313-7fc4-41e1-ae6f-b29af6accb3c,Local Plan Review,local-plan,local-authority-eng:BDG,statistical-geography:E09000002,,,,,
346b2235-bd4c-435b-88c7-0fbc40f011a2,Colchester Local Plan 2001-2011,local-plan,local-authority-eng:COL,statistical-geography:E07000071,"Policy H1, as adopted in the Core Strategy 2008.",,,,2008-12-11
35b33d09-b9ef-480a-bb4a-62eb6e43bf48,Colchester Local Plan Focused Review,local-plan,local-authority-eng:COL,statistical-geography:E07000071,"Focused Review pertaining to compliance with the NPPF. Review updated policies on sustainable development, planning obligations/CIL, affordable housing, housing density and mix, gypsies and travellers, Neighbourhood Planning, rural exception sites, rural workers’ housing and
equestrian uses. Housing requirement policy (H1) not materially altered by the Focused Review; policy dates to the Core Strategy (adopted Dec 2008).",,,,2014-07-16
63778fb0-7e0d-4c36-b9a1-bac42546f982,Colchester Local Plan (North Essex Garden Communities),local-plan,local-authority-eng:COL,statistical-geography:E07000071,"Aligned Local Plan with North Essex authorities (Braintree, Colchester, Tendring).",,,,
a8dbb275-ef77-4be6-a77a-6cbe28dc4e70,Core Strategy,local-plan,local-authority-eng:BEN,statistical-geography:E09000005,"Reflecting overall requirement of 22,000, excluding 1,030 empty homes brought back into use.",,,,2010-07-12
3ab660ca-e4a2-4922-85da-155f8041c2c1,Local Plan,local-plan,local-authority-eng:BEN,statistical-geography:E09000005,"27,482 homes in the period 2019/20-2028/29. 18,074 homes from 2029/30 to the end of the Plan period in 2041. ",,,,
796b09f8-af75-4dea-ba4b-0ace06381dd0,Local Plan Strategy,local-plan,local-authority-eng:CHE,statistical-geography:E06000049,,,,,2017-07-27
194c957b-2fd6-499d-b6d6-4f8344b4db32,West Northamptonshire Joint Core Strategy Local Plan (Part 1),local-plan,local-authority-eng:DAV;local-authority-eng:NOR;local-authority-eng:SNR,statistical-geography:E07000151;statistical-geography:E07000154;statistical-geography:E07000155,,,,,2014-12-15
99c678f1-b369-4846-a949-2b2b8538c4e3,Braintree LDF: Core Strategy,local-plan,local-authority-eng:BRA,statistical-geography:E07000067,,,,,2011-09-19
f4c4af01-5d24-4b7a-8c79-7d77f3ce2812,Braintree Local Plan (North Essex Garden Communities),local-plan,local-authority-eng:BRA,statistical-geography:E07000067,"Aligned Local Plan with North Essex authorities (Braintree, Colchester, Tendring).",,,,
636d2ba4-c268-41a4-80eb-13fa2a9598fd,Bexley Core Strategy,local-plan,local-authority-eng:BEX,statistical-geography:E09000004,,,,,2012-02-22
2a72a06b-823f-4146-94a5-2c35446404b5,Birmingham Plan 2031,local-plan,local-authority-eng:BIR,statistical-geography:E08000025,"Unmet need of 37,900 homes to be met elsewhere in the Greater Birmingham Housing Market Area.",,,,2017-01-10
b6fe3079-37c0-48cb-affe-b5b077ab5d15,Arun Local Plan 2011-2031,local-plan,local-authority-eng:ARU,statistical-geography:E07000224,,,,,2018-07-18
20d50033-8d8a-4cff-88e3-40ba05e1e921,Core Strategy and Development Control Policies DPD,local-plan,local-authority-eng:BRE,statistical-geography:E07000143,,,,,2009-12-17
5b973444-94c8-4331-9cfb-af0fe6d4cf7f,Breckland Local Plan,local-plan,local-authority-eng:BRE,statistical-geography:E07000143,,,,,2019-11-28
034cf060-0268-4964-9fd0-6c10e3c3f405,CS Review/Local Plan,local-plan,local-authority-eng:CRW,statistical-geography:E07000226,,,,,2015-12-16
1f051964-74ab-49fa-809f-b24f8de9008b,Crawley Borough Local Plan 2020 – 2035,local-plan,local-authority-eng:CRW,statistical-geography:E07000226,"This minimum requirement will be broken down into an annual average requirement on a
stepped basis as follows:
 Years 1-5 (2020-25): 500 dwellings per annum (dpa)
 Years 6-10 (2025-30): 450 dpa
 Years 11-15 (2030-35): 121 dpa",,,,
8c82762b-9d1c-4ea8-b18f-e3411c4169a0,Carlisle District Local Plan,local-plan,local-authority-eng:CAR,statistical-geography:E07000028,,,,,2016-11-08
b21362a8-ed0d-4c6d-90da-ec9ded5cf4fd,Core Strategy 2006-2031,local-plan,local-authority-eng:DAC,statistical-geography:E07000096,,,,,2013-09-25
e13bb6fc-01df-4c95-8ab8-5cb3270e8be0,New Single Local Plan (to 2036)*,local-plan,local-authority-eng:DAC,statistical-geography:E07000096,"Reflects range between the ""Government's draft figure"" and the number arising from the ""Government's draft standard formula"" [sic].
The April 2020 states that the new Dacorum Local Plan will cover a 17-year timeframe (2020-2037), but website maintains links to the 2036 Plan.",,,,
61aa0eb6-1a59-4d58-8f38-667938d42198,Blaby District Local Plan: Core Strategy DPD,local-plan,local-authority-eng:BLA,statistical-geography:E07000129,,,,,2013-02-21
e2db8c69-df16-43be-9f7f-3c0006e50a11,Local Plan for Bolsover District,local-plan,local-authority-eng:BOS,statistical-geography:E07000033,,,,,2020-03-04
d3e0e620-0896-4fb6-88a5-b852fd2130af,Barrow Borough Council Local Plan,local-plan,local-authority-eng:BAR,statistical-geography:E07000027,,,,,2019-06-04
974ae5d1-c3bb-428c-8dc5-f830bc1663a7,Cannock Chase Local Plan (Part 1) 2014,local-plan,local-authority-eng:CAN,statistical-geography:E07000192,,,,,2014-06-11
09bbd8b4-75f5-48aa-954c-ac63018d376f,Chichester Local Plan: Key Policies,local-plan,local-authority-eng:CHI,statistical-geography:E07000225,,,,,2015-07-14
680f8d8f-4eb0-41b3-ab50-d1adc16ab896,Chichester Local Plan Review,local-plan,local-authority-eng:CHI,statistical-geography:E07000225,,,,,
f18ffccb-ad43-4fb1-aabf-32be13d6bae8,North Core Strategy,local-plan,local-authority-eng:CBF,statistical-geography:E06000056,"Plan adopted by Mid Bedfordshire District, now abolished and replaced with Central Beds. As 5 years have elapsed since unitarisation was undertaken, this Plan carries limited weight.",,,,2009-11-19
1d4759cb-5018-43e5-9c6a-ca0372b083c6,Central Bedfordshire Local Plan 2035,local-plan,local-authority-eng:CBF,statistical-geography:E06000056,,,,,
2be3bc2f-67c2-4e1e-ab07-aa5df549bf8d,Derby City Local Plan Part 1: Core Strategy,local-plan,local-authority-eng:DER,statistical-geography:E06000015,,,,,2017-01-25
35227a41-4853-40a6-aa52-4b357ea222e5,Charnwood Local Plan 2011-2028: Core Strategy,local-plan,local-authority-eng:CHA,statistical-geography:E07000130,,,,,2015-11-09
d877f907-b0ba-44ca-9a83-f8dbb7cf86d8,New Charnwood Local Plan,local-plan,local-authority-eng:CHA,statistical-geography:E07000130,,,,,
03776d95-0e60-4c47-8d94-37cb160d2197,Bolton Core Strategy,local-plan,local-authority-eng:BOL,statistical-geography:E08000001,,,,,2011-03-02
e86dfd70-6607-44b0-904c-1221ab55f38c,Greater Manchester Spatial Framework,local-plan,local-authority-eng:BOL;local-authority-eng:RCH;local-authority-eng:OLD;local-authority-eng:MAN;local-authority-eng:TRF;local-authority-eng:SKP;local-authority-eng:WGN;local-authority-eng:BUR;local-authority-eng:SLF;local-authority-eng:TAM,statistical-geography:E08000001;statistical-geography:E08000005;statistical-geography:E08000004;statistical-geography:E08000003;statistical-geography:E08000009;statistical-geography:E08000007;statistical-geography:E08000010;statistical-geography:E08000002;statistical-geography:E08000006;statistical-geography:E08000008,,,,,
34e96a04-b95b-4812-8abd-72b1b2807189,Bristol Development Framework: Core Strategy,local-plan,local-authority-eng:BST,statistical-geography:E06000023,"Excludes any contribution from small unidentified sites and additional regeneration sites at Knowle West, which would entail total delivery of 32,800 homes.",,,,2011-06-21
8ec0b613-8270-4018-96b8-0de164fe35cf,Bristol Local Plan Review,local-plan,local-authority-eng:BST,statistical-geography:E06000023,,,,,
fc42cabb-a43b-4985-85a7-6bf3b4b90f27,West of England JSP (Plan Withdrawn 7 April 2020),local-plan,local-authority-eng:BST;local-authority-eng:SGC;local-authority-eng:BAS;local-authority-eng:NSM,statistical-geography:E06000023;statistical-geography:E06000025;statistical-geography:E06000022;statistical-geography:E06000024,"Joint Plan with:
Bath and North East Somerset (14500)
Bristol  (33500)
North Somerset (25000) 
South Gloucestershire (32500)
As at 20/01/2020, all authorities have withdrawn from the Plan except Bristol.",,,,
8cecfc29-1e2c-442c-9525-6138c62b00d8,"Gloucester, Cheltenham and Tewkesbury Joint Core Strategy",local-plan,local-authority-eng:CHT;local-authority-eng:GLO;local-authority-eng:TEW,statistical-geography:E07000078;statistical-geography:E07000081;statistical-geography:E07000083,,,,,2017-12-11
0677afdc-f4da-48c2-9d13-5f80dd479cd3,"Gloucester, Cheltenham and Tewkesbury Joint Core Strategy Review",local-plan,local-authority-eng:CHT;local-authority-eng:GLO;local-authority-eng:TEW,statistical-geography:E07000078;statistical-geography:E07000081;statistical-geography:E07000083,,,,,
450e04d8-3727-494c-ae14-02bebd605939,Core Strategy,local-plan,local-authority-eng:BRC,statistical-geography:E06000036,,,,,2008-02-07
2092c149-68e6-4107-a1ff-fb929fb4032e,Cotswold District Local Plan 2011-2031,local-plan,local-authority-eng:COT,statistical-geography:E07000079,,,,,2018-08-03
a9818144-8028-40ac-bfd5-46c57db30357,Local Plan: Core Strategy,local-plan,local-authority-eng:CHS,statistical-geography:E07000034,,,,,2013-07-24
e03a081f-3bd1-4c85-ba87-295a4914f8a0,Chesterfield Borough Local Plan 2018-2033,local-plan,local-authority-eng:CHS,statistical-geography:E07000034,"The Main Modifications include:  
• The plan period be extended to 2034/35 to ensure at least a 15-year plan period on adoption;  
• To apply the standard method for Local Housing Need so that the objectively assessed need for housing is at least 240 DPA.
 ",,,,
45d85ac7-9c13-4f28-aca3-aa0db2b6d7ab,Bassetlaw Core Strategy & Development Management Policies DPD,local-plan,local-authority-eng:BAE,statistical-geography:E07000171,,,,,2011-12-22
b56768ad-1ecd-48f6-9935-f7e9352c88f7,Bassetlaw Local Plan,local-plan,local-authority-eng:BAE,statistical-geography:E07000171,,,,,
11feb6a5-9c57-41b9-8a03-c30a3509231a,Cambridge Local Plan,local-plan,local-authority-eng:CAB,statistical-geography:E07000008,,,,,2018-10-18
b49461a3-759c-4d01-92c1-aff99699e46c,Babergh Local Plan - Core Strategy & Policies,local-plan,local-authority-eng:BAB,statistical-geography:E07000200,"These dwellings are planned as follows: 1,100 between
2011 - 2016; and 4,875 between 2017-2031.",,,,2014-02-25
c5fa3dc2-5ea9-4f54-989b-f8dc71612e09,Babergh & Mid Suffolk Joint Local Plan,local-plan,local-authority-eng:BAB;local-authority-eng:MSU,statistical-geography:E07000200;statistical-geography:E07000203,,,,,
b818aff3-bd8a-4243-8e7a-e4ac402182de,North Northamptonshire Joint Core Strategy 2011-2031,local-plan,local-authority-eng:COR;local-authority-eng:KET;local-authority-eng:ENO;local-authority-eng:WEL,statistical-geography:E07000150;statistical-geography:E07000153;statistical-geography:E07000152;statistical-geography:E07000156,"9,200 requirement for Corby excludes 'strategic opportunity'.",,,,2016-07-14
65ea6e15-82eb-4537-9345-b964f0e883e1,Cherwell Local Plan 2011-2031 (Part 1),local-plan,local-authority-eng:CHR,statistical-geography:E07000177,,,,,2015-07-20
6fcfc710-d741-422d-8a28-03dcd4263845,Cherwell Local Plan 2011 – 2031 (Part 1): Partial Review – Oxford’s Unmet Housing Need,local-plan,local-authority-eng:CHR,statistical-geography:E07000177,"Overall target incorporates 22,840 homes in adopted Local Plan 2011-31 (Policy BSC 1) and additional 4,400 homes (set out in this Partial Review) to meet Oxford's unmet needs.",,,,
9ff460cb-2bb8-48d2-80d4-359f6821b89b,Barnsley Local Plan,local-plan,local-authority-eng:BNS,statistical-geography:E08000016,,,,,2019-01-03
63334b68-029e-4d9b-a461-0b65b7c378a1,Burnley's Local Plan,local-plan,local-authority-eng:BUN,statistical-geography:E07000117,,,,,2018-07-31
1c40a6a9-a132-47a2-a580-0f80d473e61d,Coventry City Council Local Plan,local-plan,local-authority-eng:COV,statistical-geography:E08000026,,,,,2017-12-06
1ac65a2e-3457-4033-a5db-f06dc73a257e,Greater Nottingham Aligned Core Strategies - Part 1 Local Plan,local-plan,local-authority-eng:BRT;local-authority-eng:GED;local-authority-eng:NGM,statistical-geography:E07000172;statistical-geography:E07000173;statistical-geography:E06000018,,,,,2014-09-17
140025a9-c5a2-49a2-8dea-baeb2b86a268,Local Plan 2014-2034,local-plan,local-authority-eng:BAI,statistical-geography:E07000066,"Local Plan makes land provision for 17,791 homes, though minimum target set at 15,465 with potential for some unmet need. Delivery stepped as follows: 622 homes/annum 2018-23; 688 homes/annum 2023-27; 1,111 homes/annum 2027-34.",,,,
fabfb03b-4e3d-4fd8-a874-88d1457874bd,Craven Local Plan,local-plan,local-authority-eng:CRA,statistical-geography:E07000163,,,,,2019-11-12
6ec9e814-2154-404d-bbc0-1dd04e3b95df,Vale of Aylesbury Local Plan 2013-2033,local-plan,local-authority-eng:AYL,statistical-geography:E07000004,"19,400 homes to meet the needs of Aylesbury Vale District
2,250 homes to meet the needs of Wycombe District
5,750 homes to meet the needs of Chiltern/South Bucks Districts ",,,,
beccd40e-da67-45a7-bdfa-c11004e60d49,Core Strategy,local-plan,local-authority-eng:DAL,statistical-geography:E06000005,Reflects RSS annualised average target (which does not align with figure set out in Policy CS10).,,,,2011-05-06
c60389a1-db50-48c2-8daf-d67ceb5de91b,Darlington Local Plan,local-plan,local-authority-eng:DAL,statistical-geography:E06000005,As set out in Darlington Draft Local Plan 2016-2036 Reg 18 (August 2018),,,,
6e6621ed-7095-4f3a-901c-8477bad6e802,Core Strategy,local-plan,local-authority-eng:BBD,statistical-geography:E06000008,,,,,2011-01-27
7ec60977-d892-4a01-8b5f-3b7d175f3e6a,Blackburn with Darwen Local Plan,local-plan,local-authority-eng:BBD,statistical-geography:E06000008,,,,,
7dd9e611-a2f6-4904-9b54-ddf987d87945,Local Plan for the Broads,local-plan,government-organisation:OT216,statistical-geography:E26000007,"Total requirement of 286, minus 38 unmet need to be delivered by Great Yarmouth outside the Broads.",,,,2019-05-17
208f8df8-5784-4ea4-8521-a2d58603b234,Core Strategy DPD 2006,local-plan,government-organisation:OT217,statistical-geography:E26000001,,,,,2008-04-04
a37f5aa7-26df-4435-9f54-b4b15ff03b9d,Local Plan Review (Draft),local-plan,government-organisation:OT217,statistical-geography:E26000001,,,,,
9a6adacc-51d0-4d89-bc0c-cf717e549372,Core Strategy,local-plan,local-authority-eng:HAL,statistical-geography:E06000006,,,,,2013-04-17
6d1bee1d-3c05-4aaf-8d7b-2dd014b03eab,Halton Delivery and Allocations Plan,local-plan,local-authority-eng:HAL,statistical-geography:E06000006,,,,,
e9cdd4c9-4ab7-4764-90d0-193af9bb2c04,Local Plan 2014-2032,local-plan,local-authority-eng:EDN,statistical-geography:E07000030,,,,,2018-10-11
193ef3e3-af8c-4dbc-94dd-a7dceb2d34a7,East Devon Local Plan 2013-31,local-plan,local-authority-eng:EDE,statistical-geography:E07000040,,,,,2016-01-28
0982c692-460f-4d13-8c67-cb6912ee6748,Greater Exeter Strategic Plan,local-plan,local-authority-eng:EDE;local-authority-eng:EXE;local-authority-eng:MDE;local-authority-eng:TEI,statistical-geography:E07000040;statistical-geography:E07000041;statistical-geography:E07000042;statistical-geography:E07000045,,,,,
ba0cf7b4-31fb-4ac0-a2e0-eac7c34db0da,Hammersmith and Fulham Local Plan,local-plan,local-authority-eng:HMF,statistical-geography:E09000013,,,,,2018-02-28
17213289-e289-47bb-8638-bad7cb4d88bc,The Core Strategy,local-plan,local-authority-eng:HYN,statistical-geography:E07000120,,,,,2012-01-19
cdc30064-9a36-496e-9bae-bb3dc49f9c27,Core Strategy Review,local-plan,local-authority-eng:HYN,statistical-geography:E07000120,,,,,
c8ab0e67-4891-4e0d-8b5e-cea7674c5351,Derbyshire Dales Local Plan,local-plan,local-authority-eng:DEB,statistical-geography:E07000035,"Based on total requirement of 5,680 homes (set out in Policy S5), excluding 400 homes to be delivered in the Peak District National Park (see Inspector's Report on the Examination of the Local Plan, para 70: https://www.derbyshiredales.gov.uk/images/documents/L/Local%20Plan%20Examination%20Library/Inspectors_Report_FINAL.pdf).",,,,2017-12-07
c1fc7b53-ad45-44a2-ba9c-58874a6f602d,Eastbourne Core Strategy,local-plan,local-authority-eng:EAS,statistical-geography:E07000061,,,,,2013-02-20
3a5b4662-b373-4237-ad84-8e1a7649cac9,Core Strategy,local-plan,local-authority-eng:HIN,statistical-geography:E07000132,Para 4.3,,,,2009-12-15
cccbd538-42a2-4cc6-a124-fd6424f5018c,Local Plan Review,local-plan,local-authority-eng:HIN,statistical-geography:E07000132,,,,,
ed84f6ef-44cd-406a-89b0-40ceb70149f8,Shepway Core Strategy,local-plan,local-authority-eng:SHE,statistical-geography:E07000112,,,,,2013-09-18
7f457d2c-057c-49ec-9361-30c296506671,Core Strategy Review,local-plan,local-authority-eng:SHE,statistical-geography:E07000112,,,,,
a1db663c-71f9-45fe-a8aa-e51f9d03907c,Fylde Local Plan to 2032,local-plan,local-authority-eng:FYL,statistical-geography:E07000119,,,,,2018-10-22
5c88bf51-0629-436a-9900-f0b4eaa4381c,King’s Lynn & West Norfolk LDF: Core Strategy,local-plan,local-authority-eng:KIN,statistical-geography:E07000146,,,,,2011-07-28
32a23802-e58d-497f-a4d3-ecb6b4aaea22,Local Plan Review Document,local-plan,local-authority-eng:KIN,statistical-geography:E07000146,,,,,
ca6713f0-530b-43df-9b3d-f291f227a9da,Local Plan Review (Withdrawn 21 February 2019),local-plan,local-authority-eng:ECA,statistical-geography:E07000009,,,,,
5dce72aa-fd22-4fd0-8147-32b014158462,East Cambridgeshire Local Plan,local-plan,local-authority-eng:ECA,statistical-geography:E07000009,,,,,2015-04-21
fa2050ac-99a9-4b32-850c-ad9237675dfb,Hart Local Plan Strategy and Sites 2016-2032,local-plan,local-authority-eng:HAT,statistical-geography:E07000089,"Housing target increased from 6,208 at Examination to 7,614.",,,,2020-04-30
82cf9340-c857-43f2-a3d8-b15b81296f44,Harlow Local Plan,local-plan,local-authority-eng:HAR,statistical-geography:E07000073,Policy HS1,,,,
be96f84a-f4be-47b7-98aa-b28702fe0b15,Gosport Borough Local Plan 2011-2029,local-plan,local-authority-eng:GOS,statistical-geography:E07000088,,,,,2015-10-01
660da294-c5e8-41b6-aab2-e3cd18935cfa,High Peak Local Plan,local-plan,local-authority-eng:HIG,statistical-geography:E07000037,"Reflects total requirement of 7,000 over plan period, minus 110 homes to be delivered in the Peak District National Park (see Table 2, p.38).",,,,2016-04-14
e5e55605-6881-471d-8f23-7222468ec3e0,Kirklees Local Plan,local-plan,local-authority-eng:KIR,statistical-geography:E08000034,,,,,2019-02-27
3a6c1cb8-c3bc-4e48-a935-d89adda8f211,"Forest of Dean Core Strategy (modified by Allocations Plan, June 2018)",local-plan,local-authority-eng:FOE,statistical-geography:E07000080,"Housing requirement of 6,200 adopted in the Core Strategy  (Feb 2012) replaced by requirement of 6,600 in the Allocations Plan (Jun 2018).",,,,2012-02-23
6f3b7d3c-a04c-46a6-9f98-c23bd794cf30,Core Strategy and Urban Core Plan for Gateshead and Newcastle upon Tyne,local-plan,local-authority-eng:GAT;local-authority-eng:NET,statistical-geography:E08000037;statistical-geography:E08000021,,,,,2015-03-26
b3e36757-e758-44fd-9ed9-70e29904c0f4,Core Strategy,local-plan,local-authority-eng:EXE,statistical-geography:E07000041,,,,,2012-02-21
b2b398b5-9209-4fc2-afb2-da939e6dbc0b,Epping Forest District Local Plan,local-plan,local-authority-eng:EPP,statistical-geography:E07000072,,,,,
49ad7abb-9298-49e8-868a-c41a4848a258,Erewash Core Strategy,local-plan,local-authority-eng:ERE,statistical-geography:E07000036,,,,,2014-03-06
502fdf73-dd61-4b7e-adbc-a6a311dccb5a,Havant Borough Core Strategy,local-plan,local-authority-eng:HAA,statistical-geography:E07000090,,,,,2011-03-01
718f5f8d-1799-4783-92e0-e682f37be1ce,Havant Local Plan 2036,local-plan,local-authority-eng:HAA,statistical-geography:E07000090,,,,,
e8a54df5-6d14-49a9-94de-55217b23f821,Eastleigh Borough Local Plan 2016-2036,local-plan,local-authority-eng:EAT,statistical-geography:E07000086,,,,,
95690c16-7ad0-4b4d-9581-fc267e0f0537,Black Country Core Strategy 2011,local-plan,local-authority-eng:DUD;local-authority-eng:SAW;local-authority-eng:WLL;local-authority-eng:WLV,statistical-geography:E08000027;statistical-geography:E08000028;statistical-geography:E08000030;statistical-geography:E08000031,,,,,2011-02-03
6995ac69-d63a-4c3d-89ad-a7f9c4a8c8da,Black Country Core Strategy Review,local-plan,local-authority-eng:DUD;local-authority-eng:SAW;local-authority-eng:WLL;local-authority-eng:WLV,statistical-geography:E08000027;statistical-geography:E08000028;statistical-geography:E08000030;statistical-geography:E08000031,,,,,
982a65e7-36fa-451b-bfb0-08d6edd8751f,Doncaster Council Core Strategy,local-plan,local-authority-eng:DNC,statistical-geography:E08000017,,,,,2012-05-18
f0ae7dca-4f61-4a52-aeb9-9b155c37d5b9,Doncaster Local Plan,local-plan,local-authority-eng:DNC,statistical-geography:E08000017,,,,,
d06d0c20-25a1-4c64-a419-37ee6df26663,Core Strategy 2007,local-plan,local-authority-eng:EPS,statistical-geography:E07000208,,,,,2007-07-24
59f36be6-65d7-44d4-8013-1ddefbd6baa0,Epsom & Ewell Local Plan,local-plan,local-authority-eng:EPS,statistical-geography:E07000208,,,,,
a8cffe27-82e3-494d-ad90-550379c07894,Local Plan,local-plan,local-authority-eng:EST,statistical-geography:E07000193,,,,,2015-10-15
e2c62572-f35d-4efb-9d5b-f7c61cff9383,Local Plan Core Strategy DPD,local-plan,local-authority-eng:HER,statistical-geography:E07000098,,,,,2013-01-16
8bf40faf-712e-41c1-9ec2-900e44da938d,Planning for Growth: Hertsmere Local Plan,local-plan,local-authority-eng:HER,statistical-geography:E07000098,,,,,
d06d6c34-9bcc-4839-83c4-9334554d546b,Hambleton LDF: Core Strategy,local-plan,local-authority-eng:HAE,statistical-geography:E07000164,,,,,2007-04-03
b3a6f957-a015-4ac6-8e92-c0aab6b423b2,New Local Plan for Hambleton,local-plan,local-authority-eng:HAE,statistical-geography:E07000164,,,,,
f7ab3008-a04e-4536-b285-10566f24f705,Development Framework,local-plan,local-authority-eng:HOR,statistical-geography:E07000227,,,,,2015-11-27
5d138aa0-fa2f-4767-9bbf-710a21e87ea0,Herefordshire Local Plan: Core Strategy,local-plan,local-authority-eng:HEF,statistical-geography:E06000019,Policy SS2,,,,2015-10-16
94ec63f6-5081-4e42-a23e-433f80d6b918,Elmbridge Core Strategy,local-plan,local-authority-eng:ELM,statistical-geography:E07000207,,,,,2011-07-20
45be6968-284f-4ef9-88eb-1f0a03a49c51,Elmbridge New Local Plan,local-plan,local-authority-eng:ELM,statistical-geography:E07000207,,,,,
d9529aa8-ced5-44a8-b346-b8c71faa82da,East Riding Local Plan Strategy Document,local-plan,local-authority-eng:ERY,statistical-geography:E06000011,,,,,2016-04-06
2a7f1eb4-e1fb-4f69-a51b-8c64a480320f,Joint Core Strategy,local-plan,local-authority-eng:EHA,statistical-geography:E07000085,,,,,2014-05-08
8f82c5d5-bf7a-4a25-b233-2639606ccd80,Local Plan 2017 - 2036,local-plan,local-authority-eng:EHA,statistical-geography:E07000085,,,,,
daf38f0d-dcf2-4d3c-abc6-7d71958088d5,East Herts District Plan 2018,local-plan,local-authority-eng:EHE,statistical-geography:E07000242,,,,,2018-10-23
3cf99a4f-97f0-445a-9283-6f7eb069134b,Core Strategy,local-plan,local-authority-eng:DOV,statistical-geography:E07000108,,,,,2010-02-24
7d89e3cb-d5e6-4271-9cf9-532eb25c452c,Fenland Local Plan,local-plan,local-authority-eng:FEN,statistical-geography:E07000010,,,,,2014-05-08
efdf3a9a-9e8f-4089-a90a-0a3b1b200886,East Dorset Local Plan Review,local-plan,local-authority-eng:EDO,statistical-geography:E07000049,,,,,
aa7f9c07-780e-44de-a32b-1f9b1ff13e13,East Lindsey Local Plan: Core Strategy,local-plan,local-authority-eng:ELI,statistical-geography:E07000137,,,,,2018-07-18
b160db07-8136-4698-b19b-ddf7db61ec9c,Core Strategy 2013-2030,local-plan,local-authority-eng:GRY,statistical-geography:E07000145,,,,,2015-12-21
44dcb65f-6e33-4393-a613-138d131f028a,Local Plan 2015-34,local-plan,local-authority-eng:GRT,statistical-geography:E07000209,,,,,2019-04-25
2d1a7516-39b2-45b6-9017-1eb06cef3a05,Core Strategy & Policies,local-plan,local-authority-eng:IPS,statistical-geography:E07000202,,,,,2017-02-22
891b5b6d-9701-415b-a1d1-ddea27a096fa,Core Strategy and Policies DPD Review,local-plan,local-authority-eng:IPS,statistical-geography:E07000202,,,,,
ddf32c2e-07a1-459c-bac8-e198d0acf1fc,Island Plan: The Isle of Wight Core Strategy and DM Policies DPD,local-plan,local-authority-eng:IOW,statistical-geography:E06000046,,,,,2012-03-21
411bcf35-eb52-4746-aec8-deb9c9ce8a4f,The Island Plan,local-plan,local-authority-eng:IOW,statistical-geography:E06000046,,,,,
49b1a52a-614b-4ea3-a4a1-e2f421115fc8,Knowsley Local Plan Core Strategy,local-plan,local-authority-eng:KWL,statistical-geography:E08000011,,,,,2016-01-06
62f52efd-2a09-4f42-b7ad-8e4d3edf028a,Core Strategy: Hackney’s strategic planning policies for 2010-2025,local-plan,local-authority-eng:HCK,statistical-geography:E09000012,,,,,2010-11-24
e564f51e-3ef2-4caf-a6fe-0941988a59ec,Local Plan 2033,local-plan,local-authority-eng:HCK,statistical-geography:E09000012,,,,,
b1f7862a-5ab5-43ec-851d-3810d6aaa0f8,Alterations to Strategic Policies,local-plan,local-authority-eng:HRY,statistical-geography:E09000014,,,,,2017-07-24
cc2ab3d9-4427-476e-b241-e79fcf7c37af,Harrow Core Strategy,local-plan,local-authority-eng:HRW,statistical-geography:E09000015,,,,,2012-02-16
15d670bb-4304-47d6-8791-1078623a5c28,Core Strategy and Development Control Policies 2008,local-plan,local-authority-eng:HAV,statistical-geography:E09000016,"Based on Table 1  (p.313) which sets out stepped requirement of 370/annum 1993/4 - 1996/7, 350/annum 1997/8 - 2006/07 and 535/annum 2007/08 - 2019/20.",,,,2008-07-23
6f6a4419-9a2f-4b8b-9cb4-7669753b82d1,Havering Local Plan,local-plan,local-authority-eng:HAV,statistical-geography:E09000016,,,,,
d299fb9a-a499-4518-8b24-595185cd55ea,Local Plan: Part 1 Strategic Policies,local-plan,local-authority-eng:HIL,statistical-geography:E09000017,,,,,2012-11-08
c6eb3467-ba83-40a3-9d52-767e7f340c61,Islington Council Core Strategy,local-plan,local-authority-eng:ISL,statistical-geography:E09000019,"Yearly average housing requirement calculated based on target of 1,160/annum in 2010/11 and 1,170/annum from 2011-12 - 2024/25, as set out in Table 3.5.",,,,2011-02-17
e33a9a80-ca91-4189-a41b-8fecb2b02abd,Islington Local Plan,local-plan,local-authority-eng:ISL,statistical-geography:E09000019,,,,,
12c410f7-7d60-4e7e-b636-de6d45944548,Local Plan Partial Review,local-plan,local-authority-eng:KEC,statistical-geography:E09000020,,,,,2019-09-11
55685acf-e02f-4be0-80ae-4e98d50c7fcf,Core Strategy,local-plan,local-authority-eng:KTT,statistical-geography:E09000021,,,,,2012-04-17
ca9edb36-e6c0-4f82-b472-5af6e8828069,New Local Plan,local-plan,local-authority-eng:KTT,statistical-geography:E09000021,,,,,
755f2847-3f10-4ae7-8e09-4a87e6e15602,Core Strategy DPD,local-plan,local-authority-eng:FOR,statistical-geography:E07000201,,,,,2010-05-12
6e207c51-d629-4ace-be0a-39dc0573c18c,Core Strategy Single Issue Review,local-plan,local-authority-eng:FOR,statistical-geography:E07000201,,,,,2019-09-19
a6e0dc08-d86e-43b2-8b7b-5d59308e59a0,Development Strategy 2026,local-plan,local-authority-eng:EAL,statistical-geography:E09000009,,,,,2012-04-03
39b6a87b-43e3-4483-b229-de8f207a9053,Hull Local Plan 2016 to 2032,local-plan,local-authority-eng:KHL,statistical-geography:E06000010,,,,,2017-11-23
fa593a9c-6a8a-401b-b688-cb7aafdd3182,Exmoor National Park Local Plan,local-plan,government-organisation:OT219,statistical-geography:E26000002,,,,,2017-07-04
7321ff7a-d9d2-4aec-8fa5-ebd96ecde1f8,Rother Local Plan Core Strategy,local-plan,local-authority-eng:ROH,statistical-geography:E07000064,,,,,2014-09-29
b42cefd8-2cc4-4141-932f-0ceb4b59b910,Core Strategy Development Plan Document: The Way Forward (2011 - 2026),local-plan,local-authority-eng:ROS,statistical-geography:E07000125,,,,,2011-11-08
e3787097-4490-41c4-8bb5-233cb51ac116,Rossendale Local Plan,local-plan,local-authority-eng:ROS,statistical-geography:E07000125,,,,,
0a64c812-d576-4efc-b5e9-229259d3b7a5,Melton Local Plan,local-plan,local-authority-eng:MEL,statistical-geography:E07000133,,,,,2018-10-10
211efb01-2f53-482c-95b0-0f12ca199dae,Luton Local Plan (2011-2031),local-plan,local-authority-eng:LUT,statistical-geography:E06000032,,,,,2017-11-07
0516a876-6782-4d0c-b31e-e865d85d4bf2,Adopted Core Strategy,local-plan,local-authority-eng:RCH,statistical-geography:E08000005,,,,,2016-10-19
7a2071b3-b840-4224-9548-89f9c3d4ede1,Core Strategy,local-plan,local-authority-eng:NNO,statistical-geography:E07000147,,,,,2008-09-24
947c00eb-7d3e-417a-9240-05057ac08a86,Core Planning Strategy,local-plan,local-authority-eng:MRT,statistical-geography:E09000024,,,,,2011-07-13
2b11812f-0db2-4efb-bed1-a11e220d29ea,Local Plan 2020,local-plan,local-authority-eng:MRT,statistical-geography:E09000024,,,,,
15403182-0a1c-4078-a043-413a644bc4a7,Local Plan 2015-2030,local-plan,local-authority-eng:RDB,statistical-geography:E09000026,,,,,2018-03-15
f4e01c41-d817-4a06-a17e-436572c7c435,London Borough of Richmond Upon Thames,local-plan,local-authority-eng:RIC,statistical-geography:E09000027,,,,,2018-07-03
e960591a-c774-4e2d-af8c-162e06689991,Core Strategy Focussed Review,local-plan,local-authority-eng:MSU,statistical-geography:E07000203,,,,,2012-12-20
864b5265-0f48-42d0-ac2e-e987fe5073f8,Housing Local Plan,local-plan,local-authority-eng:MDB,statistical-geography:E06000002,,,,,2014-11-26
dae4fee0-67da-4a86-9866-21747547ea10,Middlesbrough Local Plan,local-plan,local-authority-eng:MDB,statistical-geography:E06000002,"Emerging Plan published November 2018.  However, Middlesboro' have decided to start again.  New TT estimates  publication Autumn/Winter 2020.",,,,
12667eb0-cc73-47bb-8ff0-69487a91411e,Peterborough Local Plan,local-plan,local-authority-eng:PTE,statistical-geography:E06000031,Stepped requirement: 942/annum between 2016/17 and 2020/21; 982/annum between 2021/22 and 2035/36.,,,,2019-07-24
876e1503-2382-454f-88cd-876e91fff245,Core Strategy,local-plan,local-authority-eng:RDG,statistical-geography:E06000038,,,,,2008-01-31
eb59f334-6abc-4303-99a2-20864f8a83c3,Reading Borough Local Plan,local-plan,local-authority-eng:RDG,statistical-geography:E06000038,,,,,2019-11-04
7a53a5cc-8931-4548-94cc-8fd20b44a4dd,Core Strategy 2008 – 2028,local-plan,local-authority-eng:RIB,statistical-geography:E07000124,,,,,2014-12-16
54ee799a-3874-4a32-82ee-c5632b7c4b69,Newcastle-under-Lyme and Stoke-on-Trent Core Spatial Strategy 2006-2026,local-plan,local-authority-eng:NEC;local-authority-eng:STE,statistical-geography:E07000195;statistical-geography:E06000021,,,,,2009-10-01
2b7aceb6-f7a6-4348-b060-b41af82e6659,Stoke-on-Trent and Newcastle-under-Lyme Local Plan,local-plan,local-authority-eng:NEC;local-authority-eng:STE,statistical-geography:E07000195;statistical-geography:E06000021,,,,,
81c562eb-d68f-406e-b15e-8b6a3f61f4d0,Liverpool Local Plan 2013-2033,local-plan,local-authority-eng:LIV,statistical-geography:E08000012,,,,,
a1fd6006-2964-43ed-8cf4-6191f59bb5b8,Mendip Local Plan Part One: Strategy and Policies,local-plan,local-authority-eng:MEN,statistical-geography:E07000187,,,,,2014-12-15
f95887c6-88cb-4a54-9da5-7acef0ae60df,Rochford LDF: Core Strategy,local-plan,local-authority-eng:ROC,statistical-geography:E07000075,,,,,2011-12-13
0079694f-85e8-4ba5-a0d9-7dfd870a6643,Borough Plan 2011-2031,local-plan,local-authority-eng:NUN,statistical-geography:E07000219,Committed to immediate review (commencing 2020).,,,,2019-06-11
c2992718-cac6-4bff-9fb1-8b8a5cdbef95,Purbeck Local Plan Part 1,local-plan,local-authority-eng:PUR,statistical-geography:E07000051,,,,,2012-11-13
c6778cf4-8637-4b34-a625-aeb5374270bd,Purbeck Local Plan (2018-2034),local-plan,local-authority-eng:PUR,statistical-geography:E07000051,,,,,
7c4e3e98-d750-446f-aaed-8ba26f1e2558,Mid Sussex District Plan,local-plan,local-authority-eng:MSS,statistical-geography:E07000228,"The District’s OAN is 14,892 dwellings over the Plan period. Provision is also made of 1,498
dwellings to ensure unmet need is addressed in the Northern West Sussex Housing Market Area.
There is a minimum District housing requirement of 16,390 dwellings between 2014 – 2031.",,,,2018-03-28
43a07557-8479-4374-b7b5-50099a966ce5,Central Lancashire Core Strategy,local-plan,local-authority-eng:PRE;local-authority-eng:CHO;local-authority-eng:SRI,statistical-geography:E07000123;statistical-geography:E07000118;statistical-geography:E07000126,"Excludes previous under-provision of 702 across the plan area, which will be made up over the plan period.",,,,2012-07-18
61bd5d04-0ba0-4210-b305-495fe8ad8bc7,North Lincolnshire LDF: Core Strategy,local-plan,local-authority-eng:NLN,statistical-geography:E06000013,Based on total requirement for full period from 2004 onwards.,,,,2011-06-28
a506cb38-7ee1-448e-8841-102a7f6bc4a7,North Lincolnshire Local Plan,local-plan,local-authority-eng:NLN,statistical-geography:E06000013,Range from Baseline Population Growth (Option A) to an Aspiration Economic Growth scenario (Option D).,,,,
71b4f889-b9f7-4a2b-9720-18a3aae13237,Core Strategy,local-plan,local-authority-eng:LAC,statistical-geography:E07000121,,,,,2008-07-23
72209839-2460-4c35-9d63-79e389f0062c,Strategic Policies & Land Allocation,local-plan,local-authority-eng:LAC,statistical-geography:E07000121,"Policy SP6 to delivers 10,440 dwellings over the period 2011-2031, but for housing provision period is extended to 2034 with 522 DPA over 23 years.

Trajectory:
2011/12 to 2018/19 - 400 dwellings per annum
2019/20 to 2023/24 - 485 dwellings per annum
2024/25 to 2028/29 - 685 dwellings per annum
2029/30 to 2030/31 - 695 dwellings per annum

Beyond the Plan period (2011-31) the annualised average rate of 522 dwellings has been rolled forward to cover a longer trajectory of 23 years.",,,,
bfad269b-2eb1-4d33-ac9c-8f1fc83a35f7,North Devon and Torridge Local Plan 2011-2031,local-plan,local-authority-eng:NDE;local-authority-eng:TOR,statistical-geography:E07000043;statistical-geography:E07000046,,,,,2018-10-29
97695714-434d-48b5-8621-6504aec6849c,Maidstone Borough Local Plan,local-plan,local-authority-eng:MAI,statistical-geography:E07000110,,,,,2017-10-25
cce851d7-7c70-41e5-87f4-767f9fc85bbe,Local Plan Review,local-plan,local-authority-eng:NWM,statistical-geography:E09000025,,,,,2018-12-10
7126a8e1-f2cc-4e04-9a8f-784acc04e6b0,North West Leicestershire Local Plan,local-plan,local-authority-eng:NWL,statistical-geography:E07000134,,,,,2017-11-21
22f9f356-6c82-4256-a696-f6bc9a554df3,Local Plan 2011-2031,local-plan,local-authority-eng:NHE,statistical-geography:E07000099,,,,,
ac0c21f8-0035-4190-ac6d-31803fc784f4,Plymouth & South West Devon Plan,local-plan,local-authority-eng:PLY;local-authority-eng:SHA;local-authority-eng:WDE,statistical-geography:E06000026;statistical-geography:E07000044;statistical-geography:E07000047,,,,,2019-03-26
07c8f922-782d-4cb8-9134-56b28df58f2f,Local Plan 2013 to 2032,local-plan,local-authority-eng:NEL,statistical-geography:E06000012,,,,,2018-03-22
1d9933b6-9107-439d-8566-d847fe7b3757,Poole Local Plan,local-plan,local-authority-eng:POL,statistical-geography:E06000029,Stepped housing target set out in Policy PP7 as follows: 500 homes/annum 2013 -2018; 710 homes/annum 2018-2023; 815 homes/annum 2023-2033.,,,,2018-11-13
86b612dd-a8bd-405b-aa8e-cb39448005c2,Richmondshire Local Plan 2012-2028: Core Strategy,local-plan,local-authority-eng:RIH,statistical-geography:E07000166,,,,,2014-12-09
25f47afe-dd9e-4f00-b7d6-4e5db7c499ac,Richmondshire Revised Local Plan (2018-2035),local-plan,local-authority-eng:RIH,statistical-geography:E07000166,"Range based on different options for scale of housing growth, from 15 homes/annum (Low scenario) to 160 homes/annum (High scenario).

Reg 18 consultation - September 2018.",,,,
6bcaab31-cd8c-47a3-9047-7f4cd728b35f,Lichfield District Local Plan Strategy 2015,local-plan,local-authority-eng:LIF,statistical-geography:E07000194,,,,,2015-02-17
04441017-1b67-4a2b-b2bc-fb4925a880cd,Local Plan Review,local-plan,local-authority-eng:LIF,statistical-geography:E07000194,,,,,
ec7b71e5-da20-46c8-a9dd-6b2ef591d5bd,Core Strategy Review,local-plan,local-authority-eng:NEA,statistical-geography:E07000175,,,,,2019-03-07
04ab2fba-19b9-4013-8285-ed0e316d50d0,North Dorset Local Plan Part 1,local-plan,local-authority-eng:NDO,statistical-geography:E07000050,,,,,2016-01-15
5f25d9c6-6334-4507-8b61-01a9ba6f8d40,Mansfield District Local Plan,local-plan,local-authority-eng:MAS,statistical-geography:E07000174,,,,,
74b773dc-a0f4-4613-8316-af10f6e461bf,Development Plan Document - Joint Core Strategy and Development Management Policies,local-plan,local-authority-eng:OLD,statistical-geography:E08000004,,,,,2011-11-09
dde7dcc5-e3c2-433e-a9bc-145fa63863bf,LLDC Local Plan 2015-31,local-plan,development-corporation:1,statistical-geography:E51000001,,,,,2015-07-21
4c19e2f5-5e6e-4b18-afb6-056c7263e7f8,LLDC Revised Local Plan 2020-36,local-plan,development-corporation:1,statistical-geography:E51000001,MM10 and MM11 change figure of 22000 to 24000 homes to be delivered over plan period of 2020 - 2036.,,,,
51ddab07-f679-41d6-a419-32f7bd25f277,Reigate and Banstead Local Plan: Core Strategy,local-plan,local-authority-eng:REI,statistical-geography:E07000211,,,,,2014-07-03
022aa306-998a-46f1-9fab-302f0bf8cdec,Leicester City Core Strategy,local-plan,local-authority-eng:LCE,statistical-geography:E06000016,,,,,2014-06-19
07c4c137-0337-42cd-ad8f-10a773954b6d,Local Plan,local-plan,development-corporation:2,statistical-geography:E51000002,,,,,
d2a08f60-f8a2-470b-b214-d189416d1b66,Northumberland Local Plan,local-plan,local-authority-eng:NBL,statistical-geography:E06000057,,,,,
df5e4626-c8f9-458c-9b75-c6aaf19841f7,New Local Plan,local-plan,local-authority-eng:OAD,statistical-geography:E07000135,,,,,2019-04-16
99cb8ce2-eafb-4b1a-ac95-3aef85ceb28e,Approved  Local Development Plan,local-plan,local-authority-eng:MAL,statistical-geography:E07000074,,,,,2017-07-21
bd7f2dda-27ce-4b5e-9bda-dcfd2a63d8e3,Core Strategy 2026,local-plan,local-authority-eng:MDE,statistical-geography:E07000042,,,,,2007-07-11
e21c636d-aee8-43e1-abb6-5b094b158ba7,Local Plan Review,local-plan,local-authority-eng:MDE,statistical-geography:E07000042,,,,,
58b14fc2-abb1-49dc-9052-d2833a799438,Manchester's LDF: Core Strategy DPD,local-plan,local-authority-eng:MAN,statistical-geography:E08000003,,,,,2012-07-11
13ed529a-72eb-484c-a96b-dc2d46d9913e,Central Lincolnshire Local Plan,local-plan,local-authority-eng:LIC;local-authority-eng:NKE;local-authority-eng:WLI,statistical-geography:E07000138;statistical-geography:E07000139;statistical-geography:E07000142,No disaggregation to District level. ,,,,2017-04-24
76b9910c-53ea-45c8-ac22-5a35ea0e12f8,Oxford Core Strategy 2026,local-plan,local-authority-eng:OXO,statistical-geography:E07000178,,,,,2011-03-14
211c51b8-45eb-422a-b364-46acfed71b84,Oxford Local Plan 2036,local-plan,local-authority-eng:OXO,statistical-geography:E07000178,"Stepped Trajectory: the housing requirement per annum reflects a stepped trajectory, as follows:
2016/17 to 2020/21: 475 dpa
2021/22 to 2035/36: 567 dpa.  

Unmet Need:
The Local Plans for the other Oxfordshire districts are delivering 14,300 dwellings to meet Oxford’s unmet need, as follows:
Cherwell Local Plan Partial Review: Oxford’s unmet
needs - 4,400 dwellings (Plan submitted March 2018; Examination Autumn 2018);
South Oxfordshire Local Plan 2033 - 4,950 dwellings (Plan yet to be submitted submitted March 2019);
Vale of White Horse Local Plan Part 2
2,200 dwellings (Examination July 2018);
West Oxfordshire Local Plan 2,750 dwellings (Adopted September 2018).
Total provision towards Oxford’s unmet needs by
2031 = 14,300 dwellings.

",,,,2020-06-08
f5eeca0a-377f-4b4a-8628-38ccf2a56fe5,Lambeth Local Plan,local-plan,local-authority-eng:LBH,statistical-geography:E09000022,,,,,2015-09-23
695bb2ed-e6c1-401d-a735-dc4ea2b88a70,Lambeth Local Plan Review,local-plan,local-authority-eng:LBH,statistical-geography:E09000022,,,,,
16949b4c-333a-4885-97cc-3f7bc3161514,Core Strategy,local-plan,local-authority-eng:NEW,statistical-geography:E07000091,,,,,2009-10-26
f6868aaf-a9af-4447-baa0-dd735becbf48,Local Plan Review 2016-2036 - Part One: Planning Strategy,local-plan,local-authority-eng:NEW,statistical-geography:E07000091,"The target is to provide at least 10,420 additional homes in the Plan Area for the Plan Period 2016-2036, phased as follows:

•  Approximately 1,500 homes (averaging 300 hpa) 2016-17 to 2020-2121
•  Approximately 2,000 homes (averaging 400 hpa) 2021-22 to 2025- 26
•  Approximately 7,000 homes (averaging 700 hpa)  2026-27 to 2035- 36
",,,,
269fe47a-004f-4a5e-8ac6-bb37482c33f2,North East Derbyshire Local Plan (2014 - 2034),local-plan,local-authority-eng:NED,statistical-geography:E07000038,,,,,
18a7a012-9dd1-4f9c-ae0b-7f6537e4790f,Plan:MK,local-plan,local-authority-eng:MIK,statistical-geography:E06000042,,,,,2019-03-20
2ed5ae6b-8b7a-4a54-8d9f-89af587810fd,Core Strategy DPD ,local-plan,government-organisation:OT545,statistical-geography:E26000006,,,,,2011-10-07
b1dc0df6-bbe8-4f4e-889c-1046e3b7d114,Local Plan Part One - Core Strategy,local-plan,government-organisation:OT220,statistical-geography:E26000011,,,,,2010-10-20
fb4d0cb4-4018-47cb-8afa-c8b261516f24,Living Lakes: Your Local Plan,local-plan,government-organisation:OT220,statistical-geography:E26000011,,,,,
9a026ec2-d842-4206-8366-5f2255ce11a6,New Forest National Park Local Plan 2016-2036,local-plan,government-organisation:OT222,statistical-geography:E26000009,,,,,2019-08-29
ec74225d-d0a7-49c3-bf6b-889beb430bef,Core Strategy and Development Policies,local-plan,government-organisation:OT223,statistical-geography:E26000005,,,,,2008-11-28
0f521478-8e31-4bd4-b667-7370f2e7a34d,North York Moors Local Plan,local-plan,government-organisation:OT223,statistical-geography:E26000005,,,,,
a9c0dfea-a696-4c82-9931-f6a5b7f8b106,South Tyneside LDF: Core Strategy,local-plan,local-authority-eng:STY,statistical-geography:E08000023,,,,,2007-06-28
df7a6d48-c8b9-4d57-87d8-04c9592b31a3,Core Strategy,local-plan,local-authority-eng:TON,statistical-geography:E07000115,,,,,2007-09-25
b393fec5-4ddb-4368-8a57-c35ee04956a4,Tonbridge & Malling Borough Local Plan,local-plan,local-authority-eng:TON,statistical-geography:E07000115,,,,,
b35b2ea5-ea2c-419d-958a-286ff6f3cd41,Stockton-on-Tees Borough Council: Local Plan,local-plan,local-authority-eng:STT,statistical-geography:E06000004,,,,,2019-01-30
60e20958-1eba-4aca-bed4-dca99d89ca8d,Swindon Borough Local Plan 2026,local-plan,local-authority-eng:SWD,statistical-geography:E06000030,,,,,2015-03-26
f150ab0a-4484-4661-810d-f33c11212694,Core Strategy,local-plan,local-authority-eng:SWK,statistical-geography:E09000028,,,,,2011-04-06
2e3ad928-7219-42c1-aab7-899c1569af05,New Southwark Plan,local-plan,local-authority-eng:SWK,statistical-geography:E09000028,,,,,
93a3b417-4093-4b7b-beff-14bd0a000eb5,Stevenage Borough Local Plan,local-plan,local-authority-eng:STV,statistical-geography:E07000243,,,,,2019-05-22
6617edd1-f845-417c-9f11-cb50ba744750,Tandridge District Core Strategy,local-plan,local-authority-eng:TAN,statistical-geography:E07000215,,,,,2008-10-15
716c27fa-4e56-4fbc-8a1d-f86fe99a2b7e,Our Local Plan 2033,local-plan,local-authority-eng:TAN,statistical-geography:E07000215,,,,,
5627dd48-f80d-43ca-9357-49390aee0e02,Taunton Dene Adopted Core Strategy,local-plan,local-authority-eng:TAU,statistical-geography:E07000190,,,,,2012-09-11
22dd9906-59fd-421b-aee8-c45d2e40868b,Bearing Fruits 2031: The Swale Local Plan,local-plan,local-authority-eng:SWL,statistical-geography:E07000113,,,,,2017-07-26
37c09e6b-8a19-4926-b82c-082c65236689,Local Plan Review,local-plan,local-authority-eng:SWL,statistical-geography:E07000113,,,,,
8c07a862-73a3-4437-bb83-e3ecdd898bec,Core Strategy,local-plan,local-authority-eng:SGC,statistical-geography:E06000025,,,,,2013-12-11
e0e3f95a-d104-4eda-9b86-553812060a8d,Local Plan Part 1: Rushcliffe Core Strategy,local-plan,local-authority-eng:RUS,statistical-geography:E07000176,,,,,2014-12-22
6288af75-399b-4878-9b85-0891d95ff058,South Oxfordshire Core Strategy,local-plan,local-authority-eng:SOX,statistical-geography:E07000179,,,,,2012-12-13
d9cd6156-7cb2-445d-9101-9111b8e2102c,Local Plan 2011-2034,local-plan,local-authority-eng:SOX,statistical-geography:E07000179,,,,,
71333f62-e138-42b7-8132-2b2a99687171,South Somerset Local Plan,local-plan,local-authority-eng:SSO,statistical-geography:E07000189,,,,,2015-03-05
aeaeef62-7f36-4c86-bdb2-1bf0d1af1517,Local Plan Review,local-plan,local-authority-eng:SSO,statistical-geography:E07000189,,,,,
530eca56-a7e3-4b70-860d-d928a1e9ad67,Shropshire Local Development Framework: Adopted Core Strategy,local-plan,local-authority-eng:SHR,statistical-geography:E06000051,,,,,2011-02-24
7402de6b-c08f-43ee-a25f-160c3ecce97c,Shropshire Local Plan Review,local-plan,local-authority-eng:SHR,statistical-geography:E06000051,Based on Reg 18 consultation (Preferred Scale and Distribution of Development) - October 2017.,,,,
83699784-e72d-4388-abd9-a17c4c8c54df,Sutton Local Plan 2016-2031,local-plan,local-authority-eng:STN,statistical-geography:E09000029,,,,,2018-02-26
37c9c2dc-d71f-4940-83fd-3d570bbc351a,South Cambridgeshire Local Plan,local-plan,local-authority-eng:SCA,statistical-geography:E07000012,,,,,2018-09-27
cd0ce8db-58e3-4705-8a95-5e92dfe5ab39,Torbay Local Plan,local-plan,local-authority-eng:TOB,statistical-geography:E06000027,,,,,2015-12-10
3ee9fb02-ee40-446a-8e35-ee3ffc817f8b,Teignbridge Local Plan,local-plan,local-authority-eng:TEI,statistical-geography:E07000045,,,,,2014-05-06
61b4391f-70d8-4836-bae1-62ff3b1ffdec,Teignbridge Local Plan Review,local-plan,local-authority-eng:TEI,statistical-geography:E07000045,,,,,
9ce4ba00-7857-4f9b-916d-9f8ef953c050,Core Strategy (Focused Review),local-plan,local-authority-eng:THR,statistical-geography:E06000034,"Focused Review pertaining to compliance with the NPPF. Review updated policies CSSP5, CSTP8, CSTP23, STP25, CSTP26, CSTP27, CSTP28, CSTP31, CSTP32, PMD1, PMD2, PMD4, PMD6, PMD7, PMD10, PMD12, PMD15 and PMD16. Housing requirement policy (CSSP1) not materially altered by the Focused Review; policy dates to the Core Strategy (adopted 2011). Based on requirement of 18,500 2001-2021 (925 homes/annum) and 4,750 2021-2026 (950 homes/annum).",,,,2015-01-28
e7448134-09bb-43a9-a657-d6cfcd18029a,Thurrock Core Strategy,local-plan,local-authority-eng:THR,statistical-geography:E06000034,"Original Policy CSSP1, as adopted 2011. Based on requirement of 18,500 2001-2021 (925 homes/annum) and 4,750 2021-2026 (950 homes/annum).",,,,2011-12-21
8464078a-b6c8-45a4-8d96-6454ad9babe0,Thurrock Local Plan,local-plan,local-authority-eng:THR,statistical-geography:E06000034,,,,,
c7762330-14f6-4b3f-bc7a-57b42fadf22e,Uttlesford Local Plan (Plan withdrawn 30 April 2020),local-plan,local-authority-eng:UTT,statistical-geography:E07000077,,,,,
4a7df200-6ad1-4a01-a7a9-fcd7385faf6f,Ryedale Plan - Local Plan Strategy,local-plan,local-authority-eng:RYE,statistical-geography:E07000167,,,,,2013-09-05
4a379f6b-7970-4522-9762-f85da25ba5ab,Scarborough Borough Local Plan - 2011/32,local-plan,local-authority-eng:SCE,statistical-geography:E07000168,,,,,2017-07-03
8e97b761-1082-40cb-a1a5-d66ba4bc41b0,Selby District Core Strategy,local-plan,local-authority-eng:SEL,statistical-geography:E07000169,,,,,2013-10-22
290c3718-c7ff-47bc-9bba-f577fde9af9c,Runnymede 2030: Local Plan,local-plan,local-authority-eng:RUN,statistical-geography:E07000212,,,,,
6299f130-8216-43d3-8858-89fb9dad5652,Core Strategy and Policies DPD,local-plan,local-authority-eng:SPE,statistical-geography:E07000213,,,,,2009-02-26
4eb91c4f-9be4-436a-af7d-3459099a482e,Spelthorne Local Plan,local-plan,local-authority-eng:SPE,statistical-geography:E07000213,"Emerging housing requirement based on range of min. 590 homes/annum set out in Government standardised methodology, to upper range of 747 homes/annum identified in Spelthorne/Runnymede Joint SMHA. 

Reg 18 Issues and Options Consultation - May 2018.",,,,
e3b7c403-fb3e-404f-8a2a-d78fd5091da5,Tamworth Borough Council Local Plan 2006-2031 ,local-plan,local-authority-eng:TAW,statistical-geography:E07000199,,,,,2016-02-23
228cdd2a-b858-4c87-b6a7-899488ecedb1,Tower Hamlets Local Plan 2031,local-plan,local-authority-eng:TWH,statistical-geography:E09000030,,,,,2020-01-15
de0f06ad-3b78-400e-8caa-9296441e5f29,South Lakeland LDF: Core Strategy,local-plan,local-authority-eng:SLA,statistical-geography:E07000031,,,,,2010-10-20
347b2893-531b-4f87-bffe-10642ef7cc45,Southampton Core Strategy,local-plan,local-authority-eng:STH,statistical-geography:E06000045,Housing target as adopted in the Core Strategy 2010. Original CS no longer published on the LPA's website - reference to Inspector's Report provided in lieu.,,,,2010-01-20
d12562aa-dbf0-4c99-b61c-d6f0116d4870,Core Strategy (Partial Review),local-plan,local-authority-eng:STH,statistical-geography:E06000045,Partial Review included the reduction in development targets for new office and retail floorspace and the inclusion of a presumption in favour of sustainable development. Housing requirement policy (CS 4) not materially altered by the Partial Review; policy dates to the Core Strategy (adopted 2010).,,,,2015-03-18
439dfb09-86cd-4837-9547-6c885db855ac,New Local Plan,local-plan,local-authority-eng:STH,statistical-geography:E06000045,,,,,
4e8dd423-dcbe-44af-96db-3a7eb554c3b9,Local Plan - 2011 - 2031,local-plan,local-authority-eng:RUG,statistical-geography:E07000220,,,,,2019-06-04
f2bd3b8f-95ef-4b55-979e-f5022e9f02e1,Core Strategy,local-plan,local-authority-eng:SBU,statistical-geography:E07000006,,,,,2011-02-22
de6cbb4d-42b0-4e30-8de6-9c03018ce068,Sheffield Development Framework: Core Strategy,local-plan,local-authority-eng:SHF,statistical-geography:E08000019,,,,,2009-03-04
319394a0-b436-4c33-82c7-8c6afd7175be,The Sheffield Plan,local-plan,local-authority-eng:SHF,statistical-geography:E08000019,Based on likely housing need (as opposed to requirement) in early stages Reg 18 consultation - November 2015.,,,,
eeb2557f-d431-4893-a38b-a9e0a31f2b70,Rushmoor Local Plan,local-plan,local-authority-eng:RUH,statistical-geography:E07000092,,,,,2019-02-21
4779bcae-d575-4424-951b-4bf2de775680,Local Plan 2011-2029,local-plan,local-authority-eng:TES,statistical-geography:E07000093,,,,,2016-01-27
b5a7a7cc-6b8a-491e-97a3-c5372289edb1,Local Plan to 2036,local-plan,local-authority-eng:TES,statistical-geography:E07000093,,,,,
4f7371c0-5815-4ccc-a6ac-9a684de38898,St.Helens Local Plan Core Strategy,local-plan,local-authority-eng:SHN,statistical-geography:E08000013,,,,,2012-10-31
dabf2ff2-4aba-4065-b2a3-1601c2743ae3,St Helens Borough Plan 2020-2035,local-plan,local-authority-eng:SHN,statistical-geography:E08000013,,,,,
8224e195-a24e-4e10-a1f0-e40721f2e250,A Local Plan for Sefton,local-plan,local-authority-eng:SFT,statistical-geography:E08000014,"2012-2017: 500 dwellings per annum
2017-2030: 694 dwellings per annum
",,,,2017-04-20
9132b9e3-f3b8-4a11-822d-ee288294313e,Core Strategy DPD,local-plan,local-authority-eng:RUT,statistical-geography:E06000017,,,,,2011-07-11
a181a336-e5d9-47c7-9d9d-41384fc1955a,Rutland Local Plan (2018 - 2036) Review,local-plan,local-authority-eng:RUT,statistical-geography:E06000017,,,,,
79c434af-fe88-4968-957f-a354a762ef4d,Core Strategy,local-plan,local-authority-eng:SOS,statistical-geography:E06000033,,,,,2007-12-13
949e2438-8d71-4be0-b5dc-67400e8607fc,Trafford Local Plan: Core Strategy,local-plan,local-authority-eng:TRF,statistical-geography:E08000009,,,,,2012-01-25
fa1fa437-3953-4667-899a-d3182c55ccfe,Stratford-on-Avon Core Strategy,local-plan,local-authority-eng:STR,statistical-geography:E07000221,,,,,2016-07-11
67b93853-f801-43fd-ab35-7798b6071256,Telford & Wrekin Local Plan,local-plan,local-authority-eng:TFW,statistical-geography:E06000020,,,,,2018-01-11
f77685f0-3166-4b2e-b668-e3cd71b871d8,Core Strategy,local-plan,local-authority-eng:THE,statistical-geography:E07000102,,,,,2011-10-17
74831e62-6999-4fc6-b1c9-15cef465f045,Three Rivers Local Plan,local-plan,local-authority-eng:THE,statistical-geography:E07000102,,,,,
c9cd8aa4-cfe3-4e7f-b81b-bb6dae5b620b,St Albans City & District Local Plan 2020-2036,local-plan,local-authority-eng:SAL,statistical-geography:E07000240,,,,,
d18d4eb8-3872-47bb-8fa0-e198affdcf1a,Core Strategy and DM Policies DPD,local-plan,local-authority-eng:SUR,statistical-geography:E07000214,,,,,2012-02-01
ff812dc1-c45d-4dce-a607-72ddeec6ffb4,Draft Local Plan (2016-2032),local-plan,local-authority-eng:SUR,statistical-geography:E07000214,,,,,
1fe0c26f-d9ae-46b3-93d8-d47d208af5c3,Core Strategy 2006-2026,local-plan,local-authority-eng:SLG,statistical-geography:E06000039,,,,,2008-12-16
4544d998-b626-4a0f-9857-835d7dca8b86,Slough Local Plan 2016-2036,local-plan,local-authority-eng:SLG,statistical-geography:E06000039,,,,,
9854a430-cc99-44e3-a7b8-328f7cbd09fb,Local Plan to 2031,local-plan,local-authority-eng:THA,statistical-geography:E07000114,"Local Plan review to be completed within 6 months of PLan adoption (see Policy SP01b).  
Stepped approach to housing delivery: 
2011-16 additional homes 1555 (311 hpa); 
2016-21 additional homes 3000 (600 hpa); 
2021-26 additional homes 6000 (1200 hpa); 
2026-31 additional homes 6585 (1317 hpa).
",,,,
d52f82b7-2ab5-4489-87fe-fa9ef836e5fd,Staffordshire Moorlands Core Strategy,local-plan,local-authority-eng:STF,statistical-geography:E07000198,,,,,2014-03-26
e16df853-5eff-4b7a-b1cf-4390ef7ea592,Staffordshire Moorlands Local Plan,local-plan,local-authority-eng:STF,statistical-geography:E07000198,,,,,
5a9b2069-4901-4bbc-9a8f-8a784211ed03,South East Lincs Local Plan,local-plan,local-authority-eng:SHO;local-authority-eng:BOT,statistical-geography:E07000140;statistical-geography:E07000136,,,,,2019-03-08
24a89ae4-2592-4c6e-bfdc-f844a8f5b9a2,South Staffordshire Local Plan,local-plan,local-authority-eng:SST,statistical-geography:E07000196,,,,,2012-12-11
cd985f3b-7192-4f92-8dcd-c26fa7747a82,Local Plan Review,local-plan,local-authority-eng:SST,statistical-geography:E07000196,"Council's preferred option. Would meet South Staffordshire’s objectively assessed housing needs and accommodate min. additional 4,000 dwellings shortfall from the HMA. 

Regulation 18 consultation October 2018.

June 2020 LDS says Plan period end to be rolled forward to 2038",,,,
d12564e2-e7d4-4c42-ae45-823c50dbd2c9,Local Plan 2011-2036,local-plan,local-authority-eng:SKE,statistical-geography:E07000141,"Committed to an early review of the plan commencing from April 2020, with submission to the Secretary of State for examination by the end of December 2023 (Policy M1).",,,,2020-01-30
9d615ee9-76df-4968-9dd2-c58eae902804,The Plan for Stafford Borough,local-plan,local-authority-eng:STA,statistical-geography:E07000197,,,,,2014-06-19
cb5c7478-36a7-4638-aa3b-9a61661e2f3a,New Local Plan,local-plan,local-authority-eng:STA,statistical-geography:E07000197,,,,,
2259cad0-ee6d-44bf-99aa-1aba08dab7f0,Core Strategy DPD,local-plan,local-authority-eng:SKP,statistical-geography:E08000007,,,,,2011-03-17
2d208e84-641b-4bcc-9a6b-40627a3e8f68,Rotherham Local Plan: Core Strategy,local-plan,local-authority-eng:ROT,statistical-geography:E08000018,,,,,2014-09-10
6a2d40d5-1f4c-4d69-a634-2be64dc0bae9,South Downs Local Plan,local-plan,government-organisation:OT546,statistical-geography:E26000010,,,,,2019-07-02
4cb09287-7a8f-4aa6-9076-3c7466ad26ec,West Somerset Local Plan to 2032,local-plan,local-authority-eng:WSO,statistical-geography:E07000191,,,,,2016-11-23
c39f1ea7-c037-429f-be7e-45d3f3ad928e,Bath and North East Somerset Core Strategy,local-plan,local-authority-eng:BAS,statistical-geography:E06000022,,,,,2014-07-10
46cd098f-c373-41d6-9996-664df6ff1ba7,Wiltshire Core Strategy,local-plan,local-authority-eng:WIL,statistical-geography:E06000054,,,,,2015-01-20
d1efd344-82c2-4844-a8e2-386ba0813dfb,Watford's Local Plan,local-plan,local-authority-eng:WAT,statistical-geography:E07000103,,,,,2013-01-30
0903925b-45bb-4c6c-8938-14aa113cdff1,New Watford Local Plan,local-plan,local-authority-eng:WAT,statistical-geography:E07000103,Early stages Reg 18; housing 'target' range based on 580 homes/annum in South West	Hertfordshire Strategic Housing Market Assessment (2016) up to Government's minimum target of 770/annum.,,,,
5bfa79f8-b2e9-464e-b362-0b79272febff,Waveney Local Plan,local-plan,local-authority-eng:WAV,statistical-geography:E07000206,,,,,2019-03-20
8cdb941a-41bd-4f84-8656-01f31b7f58a1,Ashford Local Plan 2030,local-plan,local-authority-eng:ASF,statistical-geography:E07000105,,,,,2019-02-21
e25988ed-d64e-4bcd-914f-38ddb7b0c83e,"West Dorset, Weymouth and Portland Local Plan 2015",local-plan,local-authority-eng:WDO;local-authority-eng:WEY,statistical-geography:E07000052;statistical-geography:E07000053,,,,,2015-10-15
77371a69-8dc4-4cca-86ad-2b9654b5e6a1,Local Plan 2012-2027 DPD,local-plan,local-authority-eng:WLA,statistical-geography:E07000127,,,,,2013-10-16
bafeecd4-7263-4c1d-af5d-5bad6e76490b,Local Plan Review,local-plan,local-authority-eng:WLA,statistical-geography:E07000127,"Incorporates current Local Plan Current Local Plan Requirement 2012-2027, Local Housing Need Calculation Rolled Forward for 2027-2050, Growth from Skelmersdale Rail and Large-scale Logistics Employment 2027-2050, Remaining Unmet Housing Need
from the Liverpool City Region for
2027-2050.",,,,
252e87cd-a0d3-4a20-bcc4-b2e104996fa6,Adur Local Plan 2017 (adopted) - Part 1,local-plan,local-authority-eng:ADU,statistical-geography:E07000223,,,,,2017-12-14
aa3cac35-c06f-424e-9323-26211be4d402,Bournemouth Local Plan Review,local-plan,local-authority-eng:BMH,statistical-geography:E06000028,,,,,
6f964803-73ae-4e23-b16b-8f795a2fd1f3,Bournemouth Local Plan: Core Strategy,local-plan,local-authority-eng:BMH,statistical-geography:E06000028,,,,,2012-10-30
b94bbcac-a9b9-48a2-a7c6-66430ecc983e,Borough of Redditch Local Plan No. 4,local-plan,local-authority-eng:RED,statistical-geography:E07000236,"Reflecting 3,400 units of unmet need met in Bromsgrove.",,,,2017-01-30
85edc099-3eee-4b89-9184-294530b10434,Waltham Forest Local Plan - Core Strategy,local-plan,local-authority-eng:WFT,statistical-geography:E09000031,"Comprising 10,320 new homes and 45 non-self contained units.",,,,2012-03-01
bc8402a6-ac41-41d7-8484-d098325bcdbb,Shaping the Borough: New Local Plan,local-plan,local-authority-eng:WFT,statistical-geography:E09000031,,,,,
caf26791-7db6-4b77-9afd-0b5b988009ac,Core Strategy and Development Control Policies,local-plan,local-authority-eng:CHL,statistical-geography:E07000070,"Housing requirement relates to the earlier Core Strategy, adopted 20th February 2008. This was consolidated with alterations in the partial review adopted 4th December 2013.",,,,2013-12-04
8f711fa3-3fd0-4fd3-8c24-1e553d858690,New Local Plan,local-plan,local-authority-eng:CHL,statistical-geography:E07000070,,,,,2020-05-27
c4960e3b-ad51-4d94-a886-0125d830ebba,Local Plan for the Bradford District,local-plan,local-authority-eng:BRD,statistical-geography:E08000032,,,,,2017-07-18
3566d0ae-643f-4ae4-85ec-fadfecaff610,Stroud District Local Plan,local-plan,local-authority-eng:STO,statistical-geography:E07000082,,,,,2015-11-19
6bdea091-e756-48f8-b498-22ee065e6abc,Stroud District Local Plan Review,local-plan,local-authority-eng:STO,statistical-geography:E07000082,,,,,
36b8bb00-2be7-4242-89fa-1fd54ca7bff2,Core Strategy,local-plan,local-authority-eng:WRT,statistical-geography:E06000007,"Borough's housing target, set out in Policy CS2, quashed by the ruling in Satnam Millennium Limited v Warrington Borough Council [2015] EWHC 370 (Admin)",,,,2014-07-21
700c13cc-11f3-4b83-b7cd-c3b47e655842,Warrington Local Plan 2019,local-plan,local-authority-eng:WRT,statistical-geography:E06000007,847/annum between 2017 and 2021; 978/annum between 2022 and 2037,,,,
90acde0a-70aa-4da3-a861-79f7970ff5dc,Local Plan review,local-plan,local-authority-eng:WND,statistical-geography:E09000032,"Housing requirement reflects 25,860 conventional homes and 1,320 non-self contained accommodation.",,,,2016-03-09
69d8a719-df50-4f2a-a6ce-3f905b07f1e3,West Berkshire Core Strategy DPD,local-plan,local-authority-eng:WBK,statistical-geography:E06000037,,,,,2012-07-16
071175c1-5f10-43dd-8ff9-97e3db1b8912,West Berkshire Local Plan Review to 2036,local-plan,local-authority-eng:WBK,statistical-geography:E06000037,,,,,
12c83f26-092c-46db-95d0-7e79221d7799,Wyre Local Plan (2011-2031),local-plan,local-authority-eng:WYR,statistical-geography:E07000128,,,,,2019-02-28
5e0e69fb-6794-428b-82e1-aa81dadad2c6,Local Plan Part 1: Strategic Policies and Sites,local-plan,local-authority-eng:WAE,statistical-geography:E07000216,,,,,2018-02-20
868e439e-f1c0-41a1-b952-d9db2beb06c2,South Worcestershire Development Plan,local-plan,local-authority-eng:WOC;local-authority-eng:MAV;local-authority-eng:WYC,statistical-geography:E07000237;statistical-geography:E07000235;statistical-geography:E07000238,"Malvern Hills: Comprises 4,450 in the Wider Worcester Area (WWA) and 5,650 outside the WWA. Wychavon: Comprises 900 in the WWA and 10,600 outside the WWA.",,,,2016-02-25
2458d797-2eb5-4c29-a1cc-93c10bf58b9f,South Worcestershire Development Plan Review,local-plan,local-authority-eng:WOC;local-authority-eng:MAV;local-authority-eng:WYC,statistical-geography:E07000237;statistical-geography:E07000235;statistical-geography:E07000238,,,,,
e569ebb4-652e-4da0-ab93-731bab522d90,Westminster City Plan (NPPF Revision),local-plan,local-authority-eng:WSM,statistical-geography:E09000033,"Also incorporates Special Policy Areas and Policies Map Revisions, adopted 9th November 2016.",,,,2013-11-13
230c6f1d-7a1c-4765-981f-4ef2850d3e5a,City Plan 2019-2040,local-plan,local-authority-eng:WSM,statistical-geography:E09000033,"Includes stepped requirement of 1,495 homes/annum in the first 10 years of the plan.",,,,
44070104-6c42-4d20-8c1a-a4591317abf0,Fareham LDF: Core Strategy,local-plan,local-authority-eng:FAR,statistical-geography:E07000087,,,,,2011-08-04
808859ce-cbc7-4a34-86eb-67b002c2db8f,Fareham Local Plan 2036,local-plan,local-authority-eng:FAR,statistical-geography:E07000087,,,,,
b2a226dd-f994-49c6-8b18-7e564c66d265,Borough Local Plan,local-plan,local-authority-eng:WNM,statistical-geography:E06000040,,,,,
5c914e72-2d3c-4d5a-b85c-038d82b79e64,Local Plan 2031: Part 1,local-plan,local-authority-eng:VAL,statistical-geography:E07000180,,,,,2016-12-14
8778ae29-5e6b-4fde-8245-e95b4574203a,Wycombe District Local Plan,local-plan,local-authority-eng:WYO,statistical-geography:E07000007,,,,,2019-08-19
0e2b5875-0d92-4202-bff0-b717324eeb5d,Brighton and Hove City Plan Part One,local-plan,local-authority-eng:BNH,statistical-geography:E06000043,,,,,2016-03-24
a7e6d646-54de-45b6-9085-adb7808b9f56,Woking Borough Core Strategy,local-plan,local-authority-eng:WOI,statistical-geography:E07000217,,,,,2012-10-25
d405a621-d7b4-443d-a581-7321d257a772,Hastings Local Plan: The Hastings Planning Strategy,local-plan,local-authority-eng:HAS,statistical-geography:E07000062,,,,,2014-02-19
17e834e2-dc3d-4c40-9d5d-874fa2df71ca,Core Strategy (2006 - 2026),local-plan,local-authority-eng:WYE,statistical-geography:E07000239,,,,,2010-12-09
a9608242-297d-4865-aa47-c0f44b51f93b,Local plan Review,local-plan,local-authority-eng:WYE,statistical-geography:E07000239,,,,,
43ff978e-dedf-42cd-bff2-5b746c62ec70,West Oxfordshire Local Plan 2031,local-plan,local-authority-eng:WOX,statistical-geography:E07000181,,,,,2018-09-27
52708857-29ec-4fc7-8c06-0e0654cc5303,Warwick District Local Plan,local-plan,local-authority-eng:WAW,statistical-geography:E07000222,,,,,2017-09-21
56ffcf42-1e88-4237-87a5-d6932011ae30,Wakefield LDF: Core Strategy,local-plan,local-authority-eng:WKF,statistical-geography:E08000036,,,,,2009-04-15
e4defd69-6273-4f9e-8121-4b5f55020607,Wakefield Local Development Plan 2036,local-plan,local-authority-eng:WKF,statistical-geography:E08000036,"Minimum target set at LHN, which will be reviewed throughout the plan period; maximum target set at an average of 1,400 homes/annum (total of 26,600 homes over the plan period).",,,,
9cd9b1e0-e19c-40ff-a367-b55da0a168ef,Welwyn Hatfield Local Plan,local-plan,local-authority-eng:WEW,statistical-geography:E07000241,,,,,
1dc02551-0279-4da2-a0e0-14f22fce3893,Wigan Local Plan: Core Strategy,local-plan,local-authority-eng:WGN,statistical-geography:E08000010,,,,,2013-09-11
75bd4998-b822-4f62-84bc-7e6170b7f87b,Core Strategy and Development Plan 2015-2033,local-plan,local-authority-eng:SND,statistical-geography:E08000024,,,,,2020-01-30
ea1e8cf6-0017-412a-bacf-3816a3f8df5d,Yorkshire Dales National Park Local Plan 2015-2030,local-plan,government-organisation:OT547,statistical-geography:E26000012,,,,,2016-12-20
e678fd93-84a0-49f0-af8e-9bd339ea2d21,City of York Local Plan,local-plan,local-authority-eng:YOR,statistical-geography:E06000014,,,,,
68988a3d-e798-47b4-84b0-a2ddfaa8eabf,Core Strategy Local Plan,local-plan,local-authority-eng:WEA,statistical-geography:E07000065,,,,,2012-11-28
7b18c2ee-2db5-481d-b79b-546395189b20,Wealden Local Plan (Plan withdrawn 19 Feb 2020),local-plan,local-authority-eng:WEA,statistical-geography:E07000065,,,,,
5707f9cd-ba5a-4499-8a24-4e331173dfc7,St Edmendsbury Core Strategy,local-plan,local-authority-eng:SED,statistical-geography:E07000204,,,,,2010-12-14
50bcfea0-7f33-47f6-aa0f-e041d9dc868e,Hartlepool Local Plan,local-plan,local-authority-eng:HPL,statistical-geography:E06000001,,,,,2018-05-22
46f938fa-79f8-461d-b9ed-7a3354d92e40,Redcar and Cleveland Local Plan,local-plan,local-authority-eng:RCC,statistical-geography:E06000003,,,,,2018-05-24
24a33892-8d79-44d6-aa65-f76596059269,Suffolk Coastal Local Plan: Core Strategy & Development Management Policies,local-plan,local-authority-eng:SUF,statistical-geography:E07000205,,,,,2013-07-05
f7455507-72b1-4513-af01-3ae610717999,Suffolk Coastal Local Plan,local-plan,local-authority-eng:SUF,statistical-geography:E07000205,,,,,
2c041667-e350-44c5-83ec-78ea5e6f3b2d,Mole Valley Core Strategy,local-plan,local-authority-eng:MOL,statistical-geography:E07000210,,,,,2009-10-01
af69967a-3ec2-467a-91c7-b1ecdf098fea,Future Mole Valley (Local Plan 2018-2033),local-plan,local-authority-eng:MOL,statistical-geography:E07000210,,,,,
0da2ac86-8bf0-4c4b-bc48-2da92f46727f,North Warwickshire Local Plan,local-plan,local-authority-eng:NWA,statistical-geography:E07000218,"Comprises minimum requirement of 5,808 dwellings and aspiration target of a further 3,709 dwellings, as set out in LP6. Table 2 (p.33) states that the overall housing requirement to be met through the plan is 9,598 homes.",,,,
9243ef22-ee90-444a-acd4-bcf14b962695,Core Strategy,local-plan,local-authority-eng:NWA,statistical-geography:E07000218,,,,,2014-10-09
721cea23-beb2-4cbf-8e8c-b1e1e7bde6cb,Leeds Core Strategy,local-plan,local-authority-eng:LDS,statistical-geography:E08000035,,,,,2014-11-12
d8fff231-e5a6-48b0-b47d-37968cb0573f,Selective Review,local-plan,local-authority-eng:LDS,statistical-geography:E08000035,"The net requirement of 51,952 dwellings is converted to a gross requirement by taking account of the anticipated loss of dwellings over the plan period (estimated as 150 p/a). Gross requirement is 54,352.",,,,2019-09-11
b0c67350-039c-4410-9d82-b814b1e29668,Local Plan,local-plan,local-authority-eng:BRY,statistical-geography:E09000006,,,,,2019-01-16
a418a33c-0b10-4493-8adf-12a820a125aa,The Enfield Plan Core Strategy,local-plan,local-authority-eng:ENF,statistical-geography:E09000010,,,,,2010-11-10
d78c2bb3-f734-4adc-9cf9-3146a5c9f929,Core Strategy ,local-plan,local-authority-eng:GRE,statistical-geography:E09000011,"Housing requirement timetable set out in Policy H1 : New Housing, page 49. ",,,,2014-07-30
9ec2c91c-44b5-488c-af0a-0f8d0cdfd9ca,Wokingham Core Strategy,local-plan,local-authority-eng:WOK,statistical-geography:E06000041,"* April 2006 to March 2011 – an average of 600 dwellings per annum
* April 2011 to March 2016 – an average of 700 dwellings per annum
* April 2016 to March 2021 – an average of 723 dwellings per annum
* April 2021 to March 2026 – an average of 623 dwellings per annum ",,,,2010-01-29
17f4d075-1877-489c-8c6c-8a5a8b2068d1,The Portsmouth Plan,local-plan,local-authority-eng:POR,statistical-geography:E06000044,,,,,2012-01-24
4e23eab5-e588-4b27-a3bc-5cb678926b11,Lewes District Local Plan: Joint Core Strategy,local-plan,local-authority-eng:LEE,statistical-geography:E07000063,"Previous contention of housing number and HDT figure in part due to planning overlap with South Downs. After request, housing target revised to 5,494 (275 annualised) by MHCLG. Description of previous issue below:

Requirement for Lewes based on the total requirement of 6,900 homes for Lewes and South Downs, set out in Spatial Policy 1, minus the part of the requirement to be met in South Downs; defined by Mr Justice Lay as 1,177 homes in Wealden District Council v Secretary of State for Communities and Local Government, Lewes District Council and South Downs National Park Authority [2017] EWHC 35 1, which quashed the part of Spatial Policy 1 relating to South Downs National Park.",,,,2016-05-11
d9b60cc5-1285-4146-8b0f-1faa9c27ccf4,County Durham Plan,local-plan,local-authority-eng:DUR,statistical-geography:E06000047,,,,,
ba74a7a2-6e3e-4ad0-9f8a-9620be69e85d,Local Plan (Part One) Strategic Policies,local-plan,local-authority-eng:CHW,statistical-geography:E06000050,"""Over the period of 2010 to 2030 the Plan will deliver at least:
22,000 new dwellings
365 hectares of land for employment development to meet a range of types and sizes of site""",,,,2015-01-29
0c095e34-f368-4b52-be05-b69614c8aba4,LDF: Core Strategy,local-plan,local-authority-eng:HUN,statistical-geography:E07000011,,,,,2009-09-23
1b887e1a-ad38-4db9-afe1-1edde983f05f,Huntingdonshire's Local Plan to 2036,local-plan,local-authority-eng:HUN,statistical-geography:E07000011,,,,,2019-05-15
402fd3ba-a16d-4e7c-8aa3-1c2dec3654b4,South Derbyshire Local Plan: Part 1,local-plan,local-authority-eng:SDE,statistical-geography:E07000039,,,,,2016-06-13
18fbd9e5-2d50-47c0-87b2-351edf4242a6,Harborough District Local Plan 2011 to 2031,local-plan,local-authority-eng:HAO,statistical-geography:E07000131,"Reflects the full plan requirement; lower figure in Policy H1 (3,975) reflects the residual requirement taking into account existing commitments and completions. ",,,,2019-04-30
51cae130-b31a-4abb-ab25-9ed9a2273ecb,Tendring District Local Plan (North Essex Garden Communities),local-plan,local-authority-eng:TEN,statistical-geography:E07000076,"Aligned Local Plan with North Essex authorities (Braintree, Colchester, Tendring).",,,,
34092d36-5d59-4d60-b93c-92612d5a8b10,Local Plan Part 1 - Joint Core Strategy,local-plan,local-authority-eng:WIN,statistical-geography:E07000094,,,,,2013-03-20
cbd8c7a3-1ae2-44cc-b226-7b06a1141f4c,Winchester District Local Plan 2018-2038,local-plan,local-authority-eng:WIN,statistical-geography:E07000094,,,,,
8b400e77-b8c6-4d30-b6e6-c919233e46be,The Broxbourne Local Plan,local-plan,local-authority-eng:BRX,statistical-geography:E07000095,,,,,2020-06-23
b48f775a-6694-4ea3-8d4c-1a5acf993d5d,Core strategy,local-plan,local-authority-eng:GRA,statistical-geography:E07000109,,,,,2014-09-30
87c3ba8f-e036-4abb-92e6-f6a2bf70e7e2,Sevenoaks Core Strategy,local-plan,local-authority-eng:SEV,statistical-geography:E07000111,,,,,2011-02-22
62bb87e0-2ba8-44bf-83fd-7c9dbab6dcfd,Sevenoaks District Local Plan,local-plan,local-authority-eng:SEV,statistical-geography:E07000111,"Proposed housing requirement excludes unmet need of 3,392 (based on housing need of 698/annum over the twenty year plan period).  Plan found UNSOUND on 2 March 2020.  Sevenoaks has begun Judicial Review proceedings. ",,,,
a8fa4aed-7fdb-4203-94d8-795e137e66aa,Core Strategy,local-plan,local-authority-eng:TUN,statistical-geography:E07000116,,,,,2010-06-17
e48491e3-38dc-4b7a-9aee-0b6f4f917707,New Local Plan,local-plan,local-authority-eng:TUN,statistical-geography:E07000116,,,,,
30da2be2-5875-4fcb-b9f5-bb41273b90be,Pendle Local Plan Part 1: Core Strategy,local-plan,local-authority-eng:PEN,statistical-geography:E07000122,,,,,2015-12-17
a11d7559-1ec8-436c-b643-8a2b78660d80,Solihull Local Plan,local-plan,local-authority-eng:SOL,statistical-geography:E08000029,"Borough's housing target, set out in Policy P5, quashed by the ruling in Gallagher Homes Ltd & Lioncourt Homes Ltd v Solihull Metropolitan Borough Council [2014] EWHC 1283 (Admin).",,,,2013-12-03
4d9d0624-fda5-4a62-b37d-9cca77df0ebd,Solihull Local Plan Review,local-plan,local-authority-eng:SOL,statistical-geography:E08000029,"Includes additional 2,000 homes from shortfall across the wider HMA (unmet need).

Reflects Draft Local Plan Supplementary Consultation (Jan 2019).",,,,
c28b7f1b-30dd-40b9-bc1c-e59b1b8e1d63,Core Strategy,local-plan,local-authority-eng:HAG,statistical-geography:E07000165,,,,,2009-02-11
fcbf1602-9aa2-44c4-8b9b-589e293d0029,Harrogate Local Plan,local-plan,local-authority-eng:HAG,statistical-geography:E07000165,"Adopted Plan incorporates Main Mods suggested reduction from 14,049 to 13,377",,,,2020-03-04
ef664de8-93b8-43eb-875a-8b36e0595b3f,The Sedgemoor Local Plan 2011-2032,local-plan,local-authority-eng:SEG,statistical-geography:E07000188,,,,,2019-02-20
c131e54c-78e3-476d-85cd-505e4e7247b3,Local Plan 2015-2030,local-plan,local-authority-eng:HNS,statistical-geography:E09000018,,,,,2015-09-15
046494dc-631a-4785-b469-ac29d1cb00fe,Local Plan Review,local-plan,local-authority-eng:HNS,statistical-geography:E09000018,"Reflects extrapolation of 10-year Draft London Plan target (as set out in WOB2, para 3).",,,,
330ea240-d27f-4214-86e2-f7b841604812,Lewisham Core Strategy 2011,local-plan,local-authority-eng:LEW,statistical-geography:E09000023,,,,,2011-06-29
88d1e45c-4d33-4a8c-bfd1-7845fd686e41,Core Strategy,local-plan,local-authority-eng:WOT,statistical-geography:E07000229,Annual average from 2006 - prior to plan adoption. ,,,,2011-04-12
164953b0-78b8-44d6-a207-3fb2836c19e0,Worthing Local Plan,local-plan,local-authority-eng:WOT,statistical-geography:E07000229,,,,,
e8367ba9-56da-4507-9855-dcc6f2f5e903,City of London Local Plan,local-plan,local-authority-eng:LND,statistical-geography:E09000001,,,,,2015-01-15
9b81c32f-c7e1-4ecd-b529-7a5279a3be78,Isles of Scilly Local Plan,local-plan,local-authority-eng:IOS,statistical-geography:E06000053,,,,,
234a8240-fa63-4106-ab7c-89aa574f9ef7,North Somerset Core Strategy (Housing Policy),local-plan,local-authority-eng:NSM,statistical-geography:E06000024,Policy CS13 of the 2012 North Somerset Core Strategy quashed by High Court in University of Bristol v North Somerset Council [2013] EWHC 231 (https://www.n-somerset.gov.uk/wp-content/uploads/2015/12/high-court-judgement.pdf); CS13 was subject to a further Examination and subsequently re-adopted.,,,,2015-09-18
bea9718c-1bd1-4fa4-a9d8-e7d280d41059,North Somerset Core Strategy (Consolidated),local-plan,local-authority-eng:NSM,statistical-geography:E06000024,"Consolidated Core Strategy encompassing 2012 Core Strategy, replacement Policy CS13 (adopted 2015), and further alterations to policies CS6, CS14, CS19, CS28, CS30, CS31, CS32 and CS33.",,,,2017-01-10
be9ad1c4-f2a8-4e68-b56e-872caf7be0a3,North Tyneside Local Plan 2017,local-plan,local-authority-eng:NTY,statistical-geography:E08000022,"2755 between 2011 and 2016 (551 annual average), 3700 between 2016 and 2021 (740 annual average), 4690 between 2021 and 2026 (938 annual average), 4540 between 2026 and 2031 (908 annual average); 908 in 2032 (908 annual average).",,,,2017-07-20
c84ad4a8-b539-4cd6-a762-75e1e8195fd8,Salford Local Plan: DM Policies & Designations,local-plan,local-authority-eng:SLF,statistical-geography:E08000006,,,,,
6701085e-c35c-4115-8f3d-d1cee602a560,Wirral Local Plan,local-plan,local-authority-eng:WRL,statistical-geography:E08000015,,,,,
dff4277e-032b-42ad-8893-0ec6f3db6948,Brentwood Local Plan,local-plan,local-authority-eng:BRW,statistical-geography:E07000068,,,,,
df77835d-91df-4acc-a426-841dd31f22fd,Core Strategy and Development Management Policies,local-plan,government-organisation:OT543,statistical-geography:E26000004,,,,,2009-03-25
78180781-4d4a-46c6-a525-b55512385655,Northumberland National Park Local Plan 2017-2037,local-plan,government-organisation:OT543,statistical-geography:E26000004,Formerly the local plan did not establish a housing requirement for the national park.  However the IR of 18 June 2020 sets a provision of 160 over the plan period equating to an annualised average of 8 DPA.,,,,
2609e523-004f-4eb9-b2d5-89aa31422e5a,New Castle Point Local Plan,local-plan,local-authority-eng:CAS,statistical-geography:E07000069,,,,,
